"inventory_row_number","finding_identity_digest","path","symbol","method","operation","table","source_span","live_source_sha256","source_digest_match","writer_kind"
"51","6ff78979280a1a093e5f0f622a75c4c7ee026ea7859988cab73524840cca9001","infrastructure/mysql/case_architecture_bootstrap_repository.py","_insert_accounts","execute","DYNAMIC","unknown","363-363","089b609e6945b7f17113695f2225f3a650d3396e7d8505b44b5c715d2a54190e","True","dynamic_sql_unresolved"
"52","6dd3b338a83af8bbe0af7d4ec084ef9175954e53093b1a702ed0ad522b472674","infrastructure/mysql/case_architecture_bootstrap_repository.py","_insert_bootstrap_event","execute","INSERT","case_architecture_bootstrap_events","434-443","089b609e6945b7f17113695f2225f3a650d3396e7d8505b44b5c715d2a54190e","True","static_sql_mutation"
"53","6d41bd6dfb4ad120dcf691499a6c2faae9f47e57e3da26bfcbb818d1fa05a24d","infrastructure/mysql/case_architecture_bootstrap_repository.py","_insert_client_payment_terms","execute","INSERT","client_payment_terms_events","371-387","089b609e6945b7f17113695f2225f3a650d3396e7d8505b44b5c715d2a54190e","True","static_sql_mutation"
"54","62bb73a87da3e192e37672b043a08dd92a752c776163817d5fe602fb582fcc9c","infrastructure/mysql/case_architecture_bootstrap_repository.py","_insert_current_client_payment_terms","execute","INSERT","client_payment_terms","397-409","089b609e6945b7f17113695f2225f3a650d3396e7d8505b44b5c715d2a54190e","True","static_sql_mutation"
"55","5dd49bd3ea345005211973214373c94726b88c232e1d52a88b57802d9f9f0dbe","infrastructure/mysql/case_architecture_bootstrap_repository.py","_insert_payroll_policy_snapshot","execute","INSERT","case_payroll_rate_policy_snapshots","416-426","089b609e6945b7f17113695f2225f3a650d3396e7d8505b44b5c715d2a54190e","True","static_sql_mutation"
"56","1af531fc011438770e95b780f3a04bc64bd25efed7135cd244e1301440aa18d7","infrastructure/mysql/case_architecture_bootstrap_repository.py","_select_optional_row","execute","DYNAMIC","unknown","209-212","089b609e6945b7f17113695f2225f3a650d3396e7d8505b44b5c715d2a54190e","True","dynamic_sql_unresolved"
"57","812492a2a664f8e8ee7c168ead396132d6dd11e7f96f4c6f60eb2047d73590e6","infrastructure/mysql/case_architecture_bootstrap_repository.py","_select_order","execute","DYNAMIC","unknown","159-159","089b609e6945b7f17113695f2225f3a650d3396e7d8505b44b5c715d2a54190e","True","dynamic_sql_unresolved"
"58","ce73878e734c73d323e7052345ec604fd5e8d4a90196472b23368d9fd365a244","infrastructure/mysql/case_architecture_bootstrap_repository.py","_select_rate_policy","execute","DYNAMIC","unknown","170-173","089b609e6945b7f17113695f2225f3a650d3396e7d8505b44b5c715d2a54190e","True","dynamic_sql_unresolved"
"59","bdae675ed3061b67ab32577c91893662c8e85dc8e6c9bb691d4ab8d12c3252a1","infrastructure/mysql/case_architecture_bootstrap_repository.py","_select_root_event","execute","DYNAMIC","unknown","218-226","089b609e6945b7f17113695f2225f3a650d3396e7d8505b44b5c715d2a54190e","True","dynamic_sql_unresolved"
"60","4451f272431b687a695921daf9cfb991fb875e82f472adf3278a5664b5cab087","infrastructure/mysql/case_import_repository.py","CaseImportMySqlUnitOfWork.commit","commit","COMMIT","-","51-51","a76e3584059b2d37a6529a7119f3994d70c8125bf263c6b91395098202e02d1b","True","transaction_boundary"
"61","3164ce6b966f6f824aff9e1967f98922f3643769992661399c533755fdd330db","infrastructure/mysql/case_import_repository.py","MySqlCaseImportRepository.append_import_event","execute","INSERT","case_import_events","111-125","a76e3584059b2d37a6529a7119f3994d70c8125bf263c6b91395098202e02d1b","True","static_sql_mutation"
"62","26597e1dc4998cd1c7995202f47f825c3c8dc94e28960fc5b25dc9ee8c70f932","infrastructure/mysql/case_import_repository.py","MySqlCaseImportRepository.claim_command","execute","INSERT","unknown","73-82","a76e3584059b2d37a6529a7119f3994d70c8125bf263c6b91395098202e02d1b","True","static_sql_mutation"
"63","6361abfb2ea45fbecb80cf1d50af3d255a2e39eb7ae2d769450627cf378f54f4","infrastructure/mysql/case_import_repository.py","MySqlCaseImportRepository.save_receipt","execute","INSERT","case_import_receipts","135-153","a76e3584059b2d37a6529a7119f3994d70c8125bf263c6b91395098202e02d1b","True","static_sql_mutation"
"64","b97809d9f6acdf79cdcc642d8568965622875ecb856c608c32b062779e7d079c","infrastructure/mysql/case_import_repository.py","_case_exists","execute","DYNAMIC","unknown","180-183","a76e3584059b2d37a6529a7119f3994d70c8125bf263c6b91395098202e02d1b","True","dynamic_sql_unresolved"
"65","16c2e449520a147fffe10237b680d9eb5a75889f468d3057e6b0f8ff6ebe54c7","infrastructure/mysql/case_import_repository.py","_case_exists","execute","DYNAMIC","unknown","175-178","a76e3584059b2d37a6529a7119f3994d70c8125bf263c6b91395098202e02d1b","True","dynamic_sql_unresolved"
"66","29daf776b4285f27195362aa8feeb2e43990d8dfcce56251bf69d64c1976f23e","infrastructure/mysql/case_import_repository.py","_insert_client","execute","INSERT","clients","222-225","a76e3584059b2d37a6529a7119f3994d70c8125bf263c6b91395098202e02d1b","True","static_sql_mutation"
"67","b9673edbedecd6cb5e83f31e9774a94bc32074660efe071d2ee3b43433de4e94","infrastructure/mysql/case_import_repository.py","_insert_order","execute","INSERT","orders","234-247","a76e3584059b2d37a6529a7119f3994d70c8125bf263c6b91395098202e02d1b","True","static_sql_mutation"
"68","5f79d6f46951942f379621d4d0d88dc43047f6f9d90e37f8e4321c2f8b27bb99","infrastructure/mysql/case_import_repository.py","_load_rate_policy","execute","DYNAMIC","unknown","197-202","a76e3584059b2d37a6529a7119f3994d70c8125bf263c6b91395098202e02d1b","True","dynamic_sql_unresolved"
"69","4ae52e462dc89af4bbe72048d067d8e9c8205d811cfdde80811af7640e569e50","infrastructure/mysql/client_finance_terms_writer.py","_advance_account_version","execute","UPDATE","client_finance_accounts","143-151","699ad27830a2ce345d2f416ef48dadffc2db761e27df3887c4bcbe82d518f5bd","True","static_sql_mutation"
"70","ebd67e28b1eb7a11d4f45481c47f3a041bfb0f1e56a1afa390a3726a349cd8ec","infrastructure/mysql/client_finance_terms_writer.py","_append_obligation_event","execute","INSERT","client_obligation_events","29-29","699ad27830a2ce345d2f416ef48dadffc2db761e27df3887c4bcbe82d518f5bd","True","static_sql_mutation"
"71","8aafe9d2ec1eb749e2288199d0327cedb56ca5379af941da4a6c3d54c6eb9c1d","infrastructure/mysql/client_finance_terms_writer.py","_append_outbox","execute","INSERT","client_finance_outbox","162-171","699ad27830a2ce345d2f416ef48dadffc2db761e27df3887c4bcbe82d518f5bd","True","static_sql_mutation"
"72","456e66dc3ec84a0dfed6ea70374d55d66087924a06784bcaa80be5231db4896a","infrastructure/mysql/client_finance_terms_writer.py","_insert_projection","execute","INSERT","client_obligations","107-121","699ad27830a2ce345d2f416ef48dadffc2db761e27df3887c4bcbe82d518f5bd","True","static_sql_mutation"
"73","b64eb4888bf280a7511ff0227c84f764976136dcab3693ca8002741fc70b1cb4","infrastructure/mysql/client_finance_terms_writer.py","_update_projection","execute","UPDATE","client_obligations","126-137","699ad27830a2ce345d2f416ef48dadffc2db761e27df3887c4bcbe82d518f5bd","True","static_sql_mutation"
"74","c6bbcd4a364dd058a927b1f8e1aef3ef8274678bb605b6f90bcc7feff4584a3d","infrastructure/mysql/client_receipt_reconciliation_repository.py","ClientReceiptMySqlUnitOfWork.commit","commit","COMMIT","-","65-65","7d15279a53bfa55dd38581c8e5ca9f98b0a3df92b44a6f4ec22fb1b67074a280","True","transaction_boundary"
"75","d418b47e045dfc15f794f0693e814fdd405024cfa618b346f674a6bbb3128b41","infrastructure/mysql/client_receipt_reconciliation_repository.py","MySqlClientReceiptReconciliationRepository._append_outbox","execute","INSERT","client_finance_outbox","264-272","7d15279a53bfa55dd38581c8e5ca9f98b0a3df92b44a6f4ec22fb1b67074a280","True","static_sql_mutation"
"76","0d17abf4480f7348f2d4f7a12f1ab07c30ff15efb8bdb82d7e4280deafc3688a","infrastructure/mysql/client_receipt_reconciliation_repository.py","MySqlClientReceiptReconciliationRepository.save_receipt","execute","INSERT","client_finance_apply_receipts","223-233","7d15279a53bfa55dd38581c8e5ca9f98b0a3df92b44a6f4ec22fb1b67074a280","True","static_sql_mutation"
"77","3c5f91536c3331f66452ccddda68b9d4e1d1f2bc0405e3e7a31da547cfe75ae3","infrastructure/mysql/client_receipt_reconciliation_repository.py","_advance_account_version","execute","UPDATE","client_finance_accounts","593-601","7d15279a53bfa55dd38581c8e5ca9f98b0a3df92b44a6f4ec22fb1b67074a280","True","static_sql_mutation"
"78","f3d7679305f299d5f2833c4144b004036ae311d3bf42f2692741e3ca64f6d3eb","infrastructure/mysql/client_receipt_reconciliation_repository.py","_append_projection_outbox","execute","INSERT","client_finance_outbox","617-625","7d15279a53bfa55dd38581c8e5ca9f98b0a3df92b44a6f4ec22fb1b67074a280","True","static_sql_mutation"
"79","628a9cd6b2c9ebe05f4c6cadc2963ad3d2a4c91b31f3b9bac02f208cc54b842f","infrastructure/mysql/client_receipt_reconciliation_repository.py","_insert_allocation","execute","INSERT","client_ledger_obligation_allocations","527-535","7d15279a53bfa55dd38581c8e5ca9f98b0a3df92b44a6f4ec22fb1b67074a280","True","static_sql_mutation"
"80","a4155eefe67fcc823a5919f75df95c1b0b717415f3a922a08c69f0bf8e4b8187","infrastructure/mysql/client_receipt_reconciliation_repository.py","_insert_ledger_entry","execute","INSERT","client_ledger_entries","493-505","7d15279a53bfa55dd38581c8e5ca9f98b0a3df92b44a6f4ec22fb1b67074a280","True","static_sql_mutation"
"81","4730d983774448acb0cd94a1d6de10f4603af8ccbefae73efbcbde9c7913a64e","infrastructure/mysql/client_receipt_reconciliation_repository.py","_load_account_version","execute","INSERT","unknown","311-315","7d15279a53bfa55dd38581c8e5ca9f98b0a3df92b44a6f4ec22fb1b67074a280","True","static_sql_mutation"
"82","3492463d9bfa79817df8a210bdf12a84c9c5d2809a9aa2b605a9ebf66c67b754","infrastructure/mysql/client_receipt_reconciliation_repository.py","_mark_bank_row_reconciled","execute","UPDATE","finance_import_rows","513-518","7d15279a53bfa55dd38581c8e5ca9f98b0a3df92b44a6f4ec22fb1b67074a280","True","static_sql_mutation"
"83","ee41751d23596f922d57d235c5cce031db8ca24bd80bf8dd36f356419f1cbaf1","infrastructure/mysql/client_receipt_reconciliation_repository.py","_settle_selected_obligations","execute","UPDATE","client_obligations","576-587","7d15279a53bfa55dd38581c8e5ca9f98b0a3df92b44a6f4ec22fb1b67074a280","True","static_sql_mutation"
"84","adaae25db77c1caad670e1c9133e240a66c730d73f556dbd10b6d5d80092e397","infrastructure/mysql/client_refund_reversal_repository.py","ClientRefundReversalMySqlUnitOfWork.commit","commit","COMMIT","-","45-45","ad56d1657a03bd6a22d8af8f462055493ddee689c4e2829cd6292ffa8014d2e4","True","transaction_boundary"
"85","6e9cb04901afd249dc18aa82e556b19c69a956cd871e076d49ba51f833295657","infrastructure/mysql/client_refund_reversal_repository.py","MySqlClientRefundReversalRepository._claim_refund_row","execute","UPDATE","finance_import_rows","211-216","ad56d1657a03bd6a22d8af8f462055493ddee689c4e2829cd6292ffa8014d2e4","True","static_sql_mutation"
"86","2763d7b909277c2ac8d8ec178b874fada17dcd4e9e4efed77c545047b5089e8c","infrastructure/mysql/client_refund_reversal_repository.py","MySqlClientRefundReversalRepository.append_outbox","execute","INSERT","client_finance_outbox","122-129","ad56d1657a03bd6a22d8af8f462055493ddee689c4e2829cd6292ffa8014d2e4","True","static_sql_mutation"
"87","3aea92eee2865c3047cb8526d9038f2a227e2c40c4d10e8dffa94f4e95b326b0","infrastructure/mysql/client_refund_reversal_repository.py","MySqlClientRefundReversalRepository.save_receipt","execute","INSERT","client_refund_reversal_apply_receipts","135-146","ad56d1657a03bd6a22d8af8f462055493ddee689c4e2829cd6292ffa8014d2e4","True","static_sql_mutation"
"88","2a666435aeb2becd1faf81cbafaa6bb0b9c022651a2f567b76ec5c381ef60980","infrastructure/mysql/client_refund_reversal_repository.py","_advance_account_version","execute","UPDATE","client_finance_accounts","521-529","ad56d1657a03bd6a22d8af8f462055493ddee689c4e2829cd6292ffa8014d2e4","True","static_sql_mutation"
"89","d3a9f7bf60dd571cde940d54d4415faf5d4d2004403350f903170421b774ee45","infrastructure/mysql/client_refund_reversal_repository.py","_insert_allocation","execute","INSERT","client_ledger_obligation_allocations","464-472","ad56d1657a03bd6a22d8af8f462055493ddee689c4e2829cd6292ffa8014d2e4","True","static_sql_mutation"
"90","e269a9bec88a4f69e4549e00bb6387da1427c92acb6931c812fd7bcba5d6952f","infrastructure/mysql/client_refund_reversal_repository.py","_insert_ledger_entry","execute","INSERT","client_ledger_entries","439-453","ad56d1657a03bd6a22d8af8f462055493ddee689c4e2829cd6292ffa8014d2e4","True","static_sql_mutation"
"91","cfc856cf4943bb9961c2e386d7893617dbf0de38b55998b1b5a8968c0d87f68e","infrastructure/mysql/client_refund_reversal_repository.py","_load_account_version","execute","INSERT","unknown","245-249","ad56d1657a03bd6a22d8af8f462055493ddee689c4e2829cd6292ffa8014d2e4","True","static_sql_mutation"
"92","02a2399f4895a777f3f886ae3b6798453d979dad99a9bac2722215c3a814353d","infrastructure/mysql/client_refund_reversal_repository.py","_reopen_receivable_obligations","execute","UPDATE","client_obligations","509-515","ad56d1657a03bd6a22d8af8f462055493ddee689c4e2829cd6292ffa8014d2e4","True","static_sql_mutation"
"93","721e7386387a7742573e921c99a4cf090cdf2746c245554f5fd2bdb35869d477","infrastructure/mysql/client_refund_reversal_repository.py","_settle_refund_obligations","execute","UPDATE","client_obligations","495-501","ad56d1657a03bd6a22d8af8f462055493ddee689c4e2829cd6292ffa8014d2e4","True","static_sql_mutation"
"94","9c1efeb8977f597ec3069c8f1d8e952f36d3fae27260be2cfc9718142555ff53","infrastructure/mysql/finance_import_repository.py","FinanceImportMySqlUnitOfWork.commit","commit","COMMIT","-","52-52","b462bf87328e5d9a184274314331e6dabb94e382e17c1bb7592ba335832a797e","True","transaction_boundary"
"95","5effc1267377f3509ae55575a17fc1d9569eaf16d6a353ce600c2a7cbe1f7dca","infrastructure/mysql/finance_import_repository.py","MySqlFinanceImportRepository._insert_outbox","execute","INSERT","finance_import_outbox","240-248","b462bf87328e5d9a184274314331e6dabb94e382e17c1bb7592ba335832a797e","True","static_sql_mutation"
"96","1c966420f2ab10f5e17cccef7201864b1ca7c9da72d1a9b37b1c41f02d67c001","infrastructure/mysql/finance_import_repository.py","MySqlFinanceImportRepository.advance_batch_version","execute","UPDATE","finance_import_batch_contracts","129-136","b462bf87328e5d9a184274314331e6dabb94e382e17c1bb7592ba335832a797e","True","static_sql_mutation"
"97","bfb4c75e6cbe37a4f1ffb4d9d42c044ffcf7f1a8ed391f06249efd6d6018e93f","infrastructure/mysql/finance_import_repository.py","MySqlFinanceImportRepository.append_dispatch_audit","execute","INSERT","finance_import_dispatch_events","88-97","b462bf87328e5d9a184274314331e6dabb94e382e17c1bb7592ba335832a797e","True","static_sql_mutation"
"98","72b59e60a9f1b9106ea87f220cb9cbce97837a27684b9a700d1a58852b1f1f95","infrastructure/mysql/finance_import_repository.py","MySqlFinanceImportRepository.append_manual_classification","execute","INSERT","finance_import_classification_events","167-186","b462bf87328e5d9a184274314331e6dabb94e382e17c1bb7592ba335832a797e","True","static_sql_mutation"
"99","1db6af87a63db85e7d358d9b2f31cc48ecd3a25256608f0781f0ab159deb3fa7","infrastructure/mysql/finance_import_repository.py","MySqlFinanceImportRepository.append_reconciliation_receipt","execute","INSERT","finance_import_reconciliation_receipts","190-199","b462bf87328e5d9a184274314331e6dabb94e382e17c1bb7592ba335832a797e","True","static_sql_mutation"
"100","5ba6c6821139941989afe0dd40620e89fe4c63bc411dda195bb662f0d573840f","infrastructure/mysql/finance_import_repository.py","MySqlFinanceImportRepository.save_correction_receipt","execute","INSERT","finance_import_correction_receipts","227-236","b462bf87328e5d9a184274314331e6dabb94e382e17c1bb7592ba335832a797e","True","static_sql_mutation"
